{"cameraMode":{"drawMode":0,"name":"Shaded","section":"Shading Mode"},"sceneLighting":false,"audioPlay":false,"sceneViewState":{"showFog":false,"showMaterialUpdate":false,"showSkybox":false,"showFlares":false,"showImageEffects":false,"showParticleSystems":false},"in2DMode":false,"pivot":{"x":0.26621389389038088,"y":0.5863409042358398,"z":0.09627509117126465},"rotation":{"x":-0.2603561282157898,"y":-0.08011891692876816,"z":0.02167111076414585,"w":-0.9619823098182678},"size":1.1489125490188599,"orthographic":true}