{"cameraMode":{"drawMode":0,"name":"Shaded","section":"Shading Mode"},"sceneLighting":false,"audioPlay":false,"sceneViewState":{"showFog":false,"showMaterialUpdate":false,"showSkybox":false,"showFlares":false,"showImageEffects":false,"showParticleSystems":false},"in2DMode":false,"pivot":{"x":0.0183285940438509,"y":0.7691985964775086,"z":0.018252411857247354},"rotation":{"x":-0.21251864731311799,"y":-0.07671629637479782,"z":0.01669621840119362,"w":-0.9740414023399353},"size":1.6315834522247315,"orthographic":true}