{"cameraMode":{"drawMode":0,"name":"Shaded","section":"Shading Mode"},"sceneLighting":true,"audioPlay":false,"sceneViewState":{"showFog":false,"showMaterialUpdate":false,"showSkybox":false,"showFlares":false,"showImageEffects":false,"showParticleSystems":false},"in2DMode":false,"pivot":{"x":137.830810546875,"y":468.803955078125,"z":-2.49884033203125},"rotation":{"x":-0.1051209568977356,"y":-0.003572388319298625,"z":0.00033883718424476683,"w":-0.9944936633110046},"size":397.5653991699219,"orthographic":false}